ticker,CAR_capm_x,t_capm_x,event_id
SIVB,-0.9157,-13.724,1
SBNY,-0.3762,-7.643,1
FRC,-0.3395,-8.928,1
ZION,-0.1414,-4.574,1
WAL,-0.3537,-9.952,1
PACW,-0.7314,-20.472,1
CMA,-0.1115,-3.296,1
KEY,-0.1014,-3.259,1
RF,-0.0867,-2.857,1
JPM,-0.0348,-1.34,1
BAC,-0.0738,-2.646,1
WFC,-0.0814,-2.746,1
USB,-0.1107,-3.807,1
TFC,-0.1265,-4.405,1
FITB,-0.1226,-3.958,1
HBAN,-0.0877,-3.007,1
CFG,-0.1262,-4.411,1
FHN,-0.0556,-3.625,1
COLB,-0.1428,-4.632,1
OZK,-0.1399,-4.605,1
WTFC,-0.0892,-3.292,1
BOKF,-0.066,-2.442,1
UMBF,-0.0995,-3.319,1
VLY,-0.0771,-2.801,1
WBS,-0.1411,-4.464,1
HWC,-0.0982,-3.315,1
EWBC,-0.1215,-3.614,1
CBSH,-0.049,-2.216,1
FFBC,-0.0762,-2.912,1
PB,-0.0914,-3.599,1
TCBI,-0.0457,-1.284,1
ONB,-0.054,-1.941,1
UBSI,-0.0639,-2.406,1
GBCI,-0.0874,-3.218,1
INDB,-0.0745,-2.897,1
WSFS,-0.1037,-3.256,1
BANR,-0.0809,-2.93,1
FFIN,-0.0601,-1.899,1
TRMK,-0.0626,-1.873,1
SFNC,-0.0779,-2.349,1
HAFC,-0.0493,-1.653,1
CVBF,-0.0878,-3.328,1
RNST,-0.0794,-2.701,1
WAFD,-0.052,-1.777,1
CATY,-0.0647,-2.676,1
EBC,-0.1074,-3.41,1
GABC,-0.0915,-3.423,1
IBCP,-0.0724,-2.448,1
SIVB,-0.8862,-18.819,2
SBNY,-0.3308,-8.703,2
FRC,-1.0383,-27.377,2
ZION,-0.3684,-11.949,2
WAL,-0.8459,-23.883,2
PACW,-0.6835,-19.139,2
CMA,-0.3843,-11.339,2
KEY,-0.3412,-10.95,2
RF,-0.1398,-4.61,2
JPM,-0.0153,-0.589,2
BAC,-0.1162,-4.165,2
WFC,-0.0833,-2.816,2
USB,-0.1793,-6.169,2
TFC,-0.3032,-10.548,2
FITB,-0.2392,-7.723,2
HBAN,-0.2526,-8.689,2
CFG,-0.1735,-6.088,2
FHN,-0.2647,-17.312,2
COLB,-0.2212,-7.228,2
OZK,-0.1004,-3.31,2
WTFC,-0.1434,-5.306,2
BOKF,-0.1068,-3.966,2
UMBF,-0.2711,-9.04,2
VLY,-0.0955,-3.467,2
WBS,-0.2137,-6.781,2
HWC,-0.171,-5.772,2
EWBC,-0.2129,-6.336,2
CBSH,-0.0487,-2.202,2
FFBC,-0.0512,-1.961,2
PB,-0.1051,-4.15,2
TCBI,-0.1355,-3.8,2
ONB,-0.0931,-3.338,2
UBSI,-0.0423,-1.595,2
GBCI,-0.0591,-2.173,2
INDB,-0.0956,-3.72,2
WSFS,-0.1492,-4.679,2
BANR,-0.1116,-4.053,2
FFIN,-0.0828,-2.618,2
TRMK,-0.0801,-2.399,2
SFNC,-0.0748,-2.264,2
HAFC,-0.1217,-4.078,2
CVBF,-0.1734,-6.54,2
RNST,-0.0563,-1.918,2
WAFD,-0.0551,-1.884,2
CATY,-0.101,-4.175,2
EBC,-0.2048,-6.512,2
GABC,-0.0945,-3.535,2
IBCP,-0.1437,-4.872,2
SIVB,-0.8887,-26.702,3
SBNY,-0.318,-10.248,3
FRC,-1.2601,-33.734,3
ZION,-0.3833,-12.385,3
WAL,-0.749,-21.14,3
PACW,-0.8076,-22.33,3
CMA,-0.3564,-10.484,3
KEY,-0.3529,-11.309,3
RF,-0.1744,-5.734,3
JPM,-0.0506,-1.944,3
BAC,-0.1045,-3.743,3
WFC,-0.0949,-3.207,3
USB,-0.2259,-7.874,3
TFC,-0.2805,-9.789,3
FITB,-0.2497,-8.059,3
HBAN,-0.2622,-8.993,3
CFG,-0.1607,-5.665,3
FHN,-0.3047,-20.14,3
COLB,-0.2304,-7.603,3
OZK,-0.0876,-2.942,3
WTFC,-0.1741,-6.399,3
BOKF,-0.1097,-4.061,3
UMBF,-0.2615,-8.873,3
VLY,-0.0676,-2.472,3
WBS,-0.2283,-7.254,3
HWC,-0.2014,-6.85,3
EWBC,-0.2144,-6.383,3
CBSH,-0.0545,-2.441,3
FFBC,-0.0639,-2.466,3
PB,-0.0605,-2.424,3
TCBI,-0.1343,-3.793,3
ONB,-0.121,-4.359,3
UBSI,-0.0681,-2.617,3
GBCI,-0.0678,-2.508,3
INDB,-0.1016,-3.962,3
WSFS,-0.1517,-4.774,3
BANR,-0.1048,-3.847,3
FFIN,-0.0587,-1.868,3
TRMK,-0.0692,-2.089,3
SFNC,-0.0789,-2.398,3
HAFC,-0.1282,-4.318,3
CVBF,-0.1912,-7.238,3
RNST,-0.0517,-1.797,3
WAFD,-0.0694,-2.375,3
CATY,-0.0958,-3.995,3
EBC,-0.1901,-6.068,3
GABC,-0.089,-3.369,3
IBCP,-0.135,-4.618,3
SIVB,0,NA,4
SBNY,0,NA,4
FRC,-1.2781,-34.194,4
ZION,-0.3097,-10.106,4
WAL,-0.4707,-13.307,4
PACW,-0.2984,-8.238,4
CMA,-0.2922,-8.609,4
KEY,-0.3188,-10.225,4
RF,-0.1402,-4.643,4
JPM,-0.075,-2.919,4
BAC,-0.0939,-3.386,4
WFC,-0.1038,-3.535,4
USB,-0.2181,-7.6,4
TFC,-0.2514,-8.865,4
FITB,-0.2091,-6.738,4
HBAN,-0.2583,-8.873,4
CFG,-0.1237,-4.372,4
FHN,-0.2948,-19.607,4
COLB,-0.1079,-3.553,4
OZK,-0.0432,-1.456,4
WTFC,-0.1158,-4.253,4
BOKF,-0.0999,-3.691,4
UMBF,-0.2892,-9.826,4
VLY,-0.0547,-2.002,4
WBS,-0.1328,-4.225,4
HWC,-0.1823,-6.223,4
EWBC,-0.1541,-4.585,4
CBSH,-0.049,-2.215,4
FFBC,-0.0442,-1.716,4
PB,-0.0363,-1.459,4
TCBI,-0.1411,-4.006,4
ONB,-0.116,-4.172,4
UBSI,-0.0236,-0.909,4
GBCI,-0.0019,-0.069,4
INDB,-0.0403,-1.572,4
WSFS,-0.1227,-3.916,4
BANR,-0.0645,-2.374,4
FFIN,-0.0896,-2.857,4
TRMK,-0.0533,-1.611,4
SFNC,-0.0696,-2.137,4
HAFC,-0.1183,-3.992,4
CVBF,-0.1699,-6.457,4
RNST,-0.0378,-1.318,4
WAFD,-0.0625,-2.143,4
CATY,-0.0809,-3.367,4
EBC,-0.1312,-4.183,4
GABC,-0.0521,-1.98,4
IBCP,-0.0967,-3.338,4
SIVB,0,NA,5
SBNY,0,NA,5
FRC,-2.8513,-17.568,5
ZION,-0.1467,-2.339,5
WAL,-0.2343,-1.925,5
PACW,-0.5334,-4.534,5
CMA,-0.1263,-1.867,5
KEY,-0.102,-1.604,5
RF,-0.0885,-2.538,5
JPM,-0.005,-0.171,5
BAC,-0.0248,-0.812,5
WFC,-0.0264,-0.824,5
USB,-0.0557,-1.372,5
TFC,-0.0826,-1.884,5
FITB,-0.0667,-1.634,5
HBAN,-0.0778,-1.81,5
CFG,-0.0931,-2.54,5
FHN,-0.147,-3.176,5
COLB,-0.0522,-1.19,5
OZK,-0.024,-0.638,5
WTFC,-0.0708,-1.839,5
BOKF,-0.0562,-1.658,5
UMBF,-0.0952,-2.089,5
VLY,-0.1605,-4.942,5
WBS,-0.0889,-2.043,5
HWC,-0.0536,-1.489,5
EWBC,-0.1167,-2.267,5
CBSH,-0.004,-0.162,5
FFBC,-0.0343,-1.105,5
PB,-0.0114,-0.408,5
TCBI,-0.0741,-1.553,5
ONB,-0.0822,-2.575,5
UBSI,-0.0378,-1.277,5
GBCI,-0.1049,-3.126,5
INDB,-0.1124,-3.556,5
WSFS,-0.0264,-0.703,5
BANR,-0.0668,-1.935,5
FFIN,0.0084,0.213,5
TRMK,-0.0826,-2.269,5
SFNC,0.0052,0.14,5
HAFC,-0.1001,-2.864,5
CVBF,-0.117,-2.715,5
RNST,-0.0657,-2.045,5
WAFD,-0.0799,-2.294,5
CATY,-0.0558,-1.908,5
EBC,-0.0356,-0.739,5
GABC,-0.0594,-2.042,5
IBCP,-0.0517,-1.481,5
