Date,Open,High,Low,Close,Adj Close,Volume
2022-01-03,72.7841,74.3169,72.5534,73.0231,73.0231,1141608
2022-01-04,74.4406,76.5998,74.2016,76.1465,76.1465,1352256
2022-01-05,76.6491,77.7946,75.9157,76.097,76.097,921115
2022-01-06,77.877,79.7972,77.3414,79.517,79.517,1246665
2022-01-07,78.149,80.1845,78.1325,79.995,79.995,1180324
2022-01-10,80.9015,81.1982,78.9649,80.0362,80.0362,1105990
2022-01-11,80.4317,80.7202,78.9731,80.2257,80.2257,768746
2022-01-12,80.5554,81.4162,80.1681,81.0581,81.0581,857395
2022-01-13,81.33,82.253,81.1158,81.4042,81.4042,1116070
2022-01-14,79.9538,83.5469,79.9538,83.4315,83.4315,1384969
2022-01-18,83.2337,84.0578,81.5361,82.0058,82.0058,1371524
2022-01-19,81.2889,82.352,79.583,79.6654,79.6654,1597002
2022-01-20,80.2751,80.4812,76.748,77.0859,77.0859,1660901
2022-01-21,76.748,76.748,73.3857,73.9214,73.9214,1438699
2022-01-24,72.1001,74.9639,70.5508,74.6054,74.6054,1857998
2022-01-25,73.8884,76.9541,72.5246,76.2948,76.2948,1365185
2022-01-26,76.7563,77.8235,75.0834,76.2454,76.2454,1563599
2022-01-27,77.325,78.7259,75.2977,75.8663,75.8663,964042
2022-01-28,75.4707,76.8552,74.5313,76.7975,76.7975,1122660
2022-01-31,75.7344,76.7975,74.5971,76.4596,76.4596,1265303
2022-02-01,76.6409,78.5116,76.0888,78.3221,78.3221,878815
2022-02-02,77.9843,78.7589,77.2261,78.5776,78.5776,923005
2022-02-03,79.1791,80.3658,78.0089,78.3056,78.3056,858162
2022-02-04,78.6599,80.8438,78.5363,79.962,79.962,1013038
2022-02-07,80.1433,80.9509,79.3604,80.4647,80.4647,649497
2022-02-08,81.7915,82.9947,81.3919,82.8299,82.8299,955358
2022-02-09,82.7886,82.8463,81.6184,81.8739,81.8739,758701
2022-02-10,82.014,84.1319,81.981,82.5579,82.5579,930471
2022-02-11,81.6597,83.7941,80.4647,81.2641,81.2641,1033693
2022-02-14,82.6074,83.0194,79.8676,80.679,80.679,1064580
2022-02-15,81.5113,82.9617,81.5113,82.5497,82.5497,542946
2022-02-16,82.525,83.86,81.9811,82.8134,82.8134,623437
2022-02-17,81.7668,82.1211,79.4428,79.7642,79.7642,774659
2022-02-18,79.4428,80.5677,78.5198,78.9978,78.9978,1034704
2022-02-22,78.9896,79.8137,77.9925,78.8413,78.8413,676146
2022-02-23,79.3605,80.0033,76.6822,77.0118,77.0118,766031
2022-02-24,73.633,75.2483,71.9848,74.9763,74.9763,1564979
2022-02-25,75.825,79.1132,75.6273,78.7341,78.7341,1095446
2022-02-28,76.2289,78.7588,76.2206,78.6929,78.6929,1199622
2022-03-01,77.7205,78.0666,71.8076,72.1826,72.1826,2145822
2022-03-02,73.5671,78.1408,73.4023,77.1931,77.1931,1739345
2022-03-03,77.2837,78.2231,76.097,76.9458,76.9458,1194808
2022-03-04,74.6713,75.0916,72.9901,74.3499,74.3499,1668286
2022-03-07,73.4187,74.3499,69.5867,69.6361,69.6361,1741541
2022-03-08,70.6992,72.4875,68.7626,69.6279,69.6279,1455461
2022-03-09,72.4628,73.8802,72.1002,72.71,72.71,983993
2022-03-10,71.6963,73.534,71.2183,72.7017,72.7017,957925
2022-03-11,73.4846,74.9186,72.4875,72.5534,72.5534,1285052
2022-03-14,73.575,76.6055,73.575,75.4104,75.4104,1301418
2022-03-15,76.1495,76.7101,74.5134,76.2409,76.2409,1391410
2022-03-16,77.8687,80.0363,77.6943,79.6543,79.6543,1248529
2022-03-17,78.0763,78.8341,77.1959,78.6327,78.6327,1130273
2022-03-18,78.4251,79.1228,76.108,78.857,78.857,3429709
2022-03-21,79.6958,80.2107,77.5697,78.367,78.367,946874
2022-03-22,79.3968,80.9914,79.131,79.7539,79.7539,744836
2022-03-23,78.9816,79.6917,77.3081,77.5448,77.5448,994547
2022-03-24,78.3919,78.8985,77.362,78.1012,78.1012,1020177
2022-03-25,78.3504,80.9042,78.2009,80.5928,80.5928,1370882
2022-03-28,79.729,80.1526,77.3289,79.0065,79.0065,1104755
2022-03-29,80.709,80.9914,78.6245,79.1892,79.1892,1080099
2022-03-30,79.2141,79.3968,76.1246,77.088,77.088,1314458
2022-03-31,76.8887,77.9102,75.02,75.1031,75.1031,1301197
2022-04-01,77.9351,78.0307,74.3889,74.7792,74.7792,1764798
2022-04-04,74.6297,74.9827,72.9188,74.1397,74.1397,958550
2022-04-05,73.7908,74.9577,73.4088,73.7244,73.7244,840633
2022-04-06,73.4504,73.6497,72.4289,72.7943,72.7943,947154
2022-04-07,72.9271,73.5666,71.5775,73.2593,73.2593,1272193
2022-04-08,73.5168,74.2642,72.8108,73.5583,73.5583,1110421
2022-04-11,73.5666,75.8505,73.4587,73.9902,73.9902,896227
2022-04-12,73.8905,75.1944,72.6364,73.0766,73.0766,1066906
2022-04-13,72.2378,74.1812,71.9422,74.0234,74.0234,1235832
2022-04-14,73.9237,74.6214,73.0185,73.3922,73.3922,1053280
2022-04-18,73.3341,74.065,72.9023,73.3009,73.3009,866542
2022-04-19,73.658,75.0283,73.6497,74.7958,74.7958,1495010
2022-04-20,72.296,73.359,71.6316,72.3375,72.3375,2504530
2022-04-21,72.5617,73.0434,68.0271,68.7081,68.7081,2786831
2022-04-22,68.625,68.9822,67.1384,67.2464,67.2464,1806542
2022-04-25,66.6236,69.6716,65.2532,69.5885,69.5885,2155925
2022-04-26,68.65,70.4564,67.9108,68.1766,68.1766,1709793
2022-04-27,68.2596,69.7961,67.9108,68.5171,68.5171,1370562
2022-04-28,69.8542,70.6141,67.8444,70.311,70.311,1766783
2022-04-29,70.3359,70.8496,67.8195,68.0188,68.0188,1241648
2022-05-02,69.8625,70.4605,66.7315,68.3593,68.3593,1359554
2022-05-03,68.8245,69.8045,67.9607,69.0487,69.0487,1183630
2022-05-04,68.6667,71.4157,68.2929,71.3326,71.3326,1263770
2022-05-05,70.5352,70.5934,67.1633,68.8742,68.8742,1126143
2022-05-06,68.4341,68.6417,66.3412,67.6202,67.6202,982067
2022-05-09,66.3744,66.7564,64.4393,65.3944,65.3944,1418816
2022-05-10,65.3114,66.1544,62.9195,64.4975,64.4975,974648
2022-05-11,64.7217,66.4159,63.1105,63.1188,63.1188,1213044
2022-05-12,62.961,63.3679,61.0591,63.152,63.152,1476839
2022-05-13,64.2649,64.5306,62.7284,63.3347,63.3347,1105371
2022-05-16,63.2268,63.5673,61.981,62.5956,62.5956,754583
2022-05-17,63.858,65.5356,63.858,65.1619,65.1619,1007544
2022-05-18,64.4725,65.029,61.9893,62.4876,62.4876,866932
2022-05-19,61.5243,62.5458,59.9214,60.4612,60.4612,1759177
2022-05-20,61.4412,61.9312,58.7918,60.6937,60.6937,1377576
2022-05-23,62.1139,64.4631,61.6904,64.0241,64.0241,1334754
2022-05-24,63.6836,64.323,62.3963,63.7583,63.7583,1100681
2022-05-25,63.3015,66.2498,63.3015,65.7432,65.7432,1162563
2022-05-26,66.2997,68.7912,66.2997,67.8029,67.8029,1458619
2022-05-27,67.9192,69.0902,67.8776,68.7912,68.7912,717420
2022-05-31,67.7032,69.3643,67.18,69.1068,69.1068,1530415
2022-06-01,69.3725,69.3725,66.5405,67.0803,67.0803,796451
2022-06-02,67.1468,68.6666,66.7897,68.6251,68.6251,842131
2022-06-03,68.2597,68.675,67.7116,68.0687,68.0687,609826
2022-06-06,68.7663,69.3311,67.8361,67.9192,67.9192,724136
2022-06-07,66.9475,68.0687,66.7731,67.969,67.969,1186984
2022-06-08,67.288,67.5621,66.3246,67.479,67.479,702465
2022-06-09,67.4873,67.4873,65.5356,65.5605,65.5605,965324
2022-06-10,63.8247,64.3645,62.3713,62.4959,62.4959,1322578
2022-06-13,61.599,63.2849,60.6439,62.1471,62.1471,1995890
2022-06-14,62.4572,64.2382,62.2225,62.7254,62.7254,1221353
2022-06-15,63.2702,65.1895,62.9852,63.9826,63.9826,1424782
2022-06-16,62.5997,62.5997,61.0576,61.8119,61.8119,852168
2022-06-17,62.2979,63.4713,61.5772,62.541,62.541,1515044
2022-06-21,64.3598,64.6364,63.0942,63.639,63.639,888338
2022-06-22,62.8512,63.815,62.5327,63.5049,63.5049,761149
2022-06-23,63.1612,63.1612,60.4038,61.1162,61.1162,904552
2022-06-24,61.5437,64.5526,61.4431,64.1335,64.1335,1221200
2022-06-27,64.6615,64.7956,63.0439,63.6809,63.6809,658573
2022-06-28,64.5274,65.5164,64.0162,64.276,64.276,702388
2022-06-29,64.6531,64.6531,62.9434,63.6893,63.6893,645358
2022-06-30,61.8454,62.7171,60.6804,61.5018,61.5018,1197713
2022-07-01,61.3844,62.4489,60.6804,62.256100000000004,62.256100000000004,1161691
2022-07-05,60.7978,61.9041,59.8423,61.8957,61.8957,984210
2022-07-06,61.3593,62.2812,60.6217,61.5772,61.5772,859861
2022-07-07,62.7841,63.3959,62.4572,62.541,62.541,721932
2022-07-08,63.0104,63.6222,61.837,62.2058,62.2058,626124
2022-07-11,61.6107,62.2058,61.1581,62.2058,62.2058,635053
2022-07-12,61.3676,63.2702,61.3676,61.5101,61.5101,828092
2022-07-13,61.1078,61.5353,59.5533,61.1581,61.1581,846032
2022-07-14,59.4232,60.4205,59.2639,59.9428,59.9428,923697
2022-07-15,61.0072,62.7086,60.5295,62.6332,62.6332,993586
2022-07-18,63.7647,64.5358,62.8931,63.2786,63.2786,692030
2022-07-19,64.2759,66.0779,64.2759,65.3068,65.3068,1231728
2022-07-20,67.0502,69.4137,65.2985,66.321,66.321,2108099
2022-07-21,66.0527,66.8154,65.0051,66.5221,66.5221,946440
2022-07-22,66.6814,67.1255,64.871,65.3739,65.3739,1033919
2022-07-25,66.1869,66.3,65.4661,66.1869,66.1869,793711
2022-07-26,65.6086,66.1282,64.2508,64.2676,64.2676,554219
2022-07-27,64.4771,65.9103,64.1503,65.4326,65.4326,590099
2022-07-28,65.1476,65.5164,64.0497,64.9884,64.9884,817692
2022-07-29,65.2314,65.8348,64.8375,65.1811,65.1811,1458503
2022-08-01,64.7537,65.399,64.1251,65.1811,65.1811,728400
2022-08-02,64.8961,65.1978,64.0412,64.234,64.234,659646
2022-08-03,64.8794,65.7929,64.2089,65.4493,65.4493,569469
2022-08-04,64.9716,65.4075,64.167,64.276,64.276,614344
2022-08-05,64.2089,66.4299,64.1418,65.5331,65.5331,607318
2022-08-08,66.1199,66.5724,65.6924,65.7846,65.7846,617312
2022-08-09,66.036,66.4216,65.5667,66.4132,66.4132,458359
2022-08-10,67.8548,68.9527,67.2932,68.6845,68.6845,839462
2022-08-11,69.4221,70.7002,69.2964,70.6625,70.6625,661523
2022-08-12,71.2408,71.8611,70.562,71.794,71.794,732307
2022-08-15,70.9977,71.9406,70.7798,71.7688,71.7688,441346
2022-08-16,71.6347,72.9338,71.6347,72.5064,72.5064,486573
2022-08-17,71.5341,72.0705,71.2415,71.7101,71.7101,416007
2022-08-18,71.861,72.5734,71.4922,72.5734,72.5734,371506
2022-08-19,71.8861,71.8861,70.784,71.224,71.224,758836
2022-08-22,69.9501,69.9501,68.8354,68.9946,68.9946,446438
2022-08-23,69.1958,69.6064,68.651,68.7767,68.7767,618097
2022-08-24,68.4163,68.9024,67.9888,68.3995,68.3995,492300
2022-08-25,68.6928,69.774,68.433,69.4723,69.4723,540944
2022-08-26,70.0087,70.0506,68.4917,68.5755,68.5755,622451
2022-08-29,68.1481,68.4708,67.2764,67.7793,67.7793,659386
2022-08-30,68.3492,68.4665,67.0836,67.6787,67.6787,653532
2022-08-31,67.8631,68.2235,67.1256,67.3016,67.3016,540457
2022-09-01,67.2094,67.9804,66.3846,67.905,67.905,738197
2022-09-02,68.9276,69.7405,67.5195,67.9218,67.9218,758905
2022-09-06,68.3158,68.6845,66.6395,67.0418,67.0418,751993
2022-09-07,66.5221,69.3215,66.5221,68.9024,68.9024,779379
2022-09-08,68.5671,70.9642,68.2319,70.9139,70.9139,731224
2022-09-09,71.2995,71.7981,70.7798,70.8804,70.8804,1212992
2022-09-12,71.5425,72.4309,70.8552,71.4503,71.4503,1222226
2022-09-13,69.8327,71.1318,68.5755,68.7683,68.7683,1311652
2022-09-14,69.1148,69.1148,66.8921,67.5429,67.5429,1834069
2022-09-15,67.8048,68.7345,67.3949,67.7034,67.7034,1638562
2022-09-16,66.6724,67.1288,65.5484,66.3935,66.3935,1996244
2022-09-19,65.4638,67.3527,65.4638,67.0611,67.0611,951957
2022-09-20,66.5709,67.0358,65.8441,66.6132,66.6132,887484
2022-09-21,66.9597,67.7879,65.7004,65.7089,65.7089,872326
2022-09-22,66.14,66.14,63.8412,64.3652,64.3652,685789
2022-09-23,63.5032,63.9595,61.6946,62.8017,62.8017,1637251
2022-09-26,62.2777,63.1651,61.0776,61.7284,61.7284,754574
2022-09-27,62.3537,62.5143,59.9958,60.9001,60.9001,941532
2022-09-28,61.3396,62.4806,61.01,62.1256,62.1256,1137004
2022-09-29,61.3987,61.6607,60.1564,61.0776,61.0776,1132522
2022-09-30,61.0438,61.1283,60.0043,60.0888,60.0888,1377032
2022-10-03,60.9424,62.1087,59.6959,61.7115,61.7115,1285846
2022-10-04,62.8017,64.6018,62.8017,64.6018,64.6018,1196745
2022-10-05,63.6891,64.3018,63.4525,63.9849,63.9849,832367
2022-10-06,63.4693,64.0102,62.4045,62.5904,62.5904,1119592
2022-10-07,62.2101,62.2101,60.5875,61.2213,61.2213,1186719
2022-10-10,61.6354,62.0241,59.8352,60.1733,60.1733,697851
2022-10-11,59.7677,60.1142,58.4155,58.8803,58.8803,1112415
2022-10-12,58.7197,59.8522,58.1789,58.7789,58.7789,934465
2022-10-13,57.8323,61.7411,57.5534,61.2213,61.2213,1021736
2022-10-14,61.6608,63.5116,60.5621,60.9424,60.9424,1364626
2022-10-17,62.396,62.827,61.441,62.2608,62.2608,1012228
2022-10-18,63.7313,64.3905,62.0748,62.827,62.827,1624322
2022-10-19,60.8494,61.0015,57.0548,57.1731,57.1731,3292826
2022-10-20,57.0464,57.8661,54.4434,54.7307,54.7307,2738644
2022-10-21,54.6631,56.8267,54.1814,55.2209,55.2209,2455763
2022-10-24,55.7617,57.0379,55.5504,56.9618,56.9618,1871931
2022-10-25,56.3872,59.0155,56.3872,58.4831,58.4831,1348085
2022-10-26,58.7704,59.5141,58.4492,58.4746,58.4746,1006065
2022-10-27,59.1422,59.8099,58.5844,58.9394,58.9394,1189119
2022-10-28,59.3705,60.1142,58.855,60.0635,60.0635,1837579
2022-10-31,60.0043,60.3423,59.5394,59.5817,59.5817,2989603
2022-11-01,60.3424,60.4015,59.2944,59.4381,59.4381,2606017
2022-11-02,59.1,59.3873,57.2491,57.2914,57.2914,1605430
2022-11-03,56.5477,56.5477,55.4744,55.804,55.804,2225238
2022-11-04,56.6576,57.6295,56.2857,57.4351,57.4351,991861
2022-11-07,58.1704,59.3536,57.6126,59.3536,59.3536,1379264
2022-11-08,59.4296,61.1875,59.4296,60.41,60.41,2116776
2022-11-09,59.7001,60.3762,58.9056,58.9648,58.9648,1523644
2022-11-10,61.3396,63.1694,60.8917,62.9792,62.9792,1376421
2022-11-11,63.3425,63.8073,61.7114,62.2185,62.2185,1849665
2022-11-14,61.8889,62.8017,61.1283,61.1283,61.1283,969825
2022-11-15,62.1171,62.8946,61.1452,61.872,61.872,897201
2022-11-16,61.7621,62.1425,60.1057,60.4691,60.4691,573044
2022-11-17,59.531,59.7085,58.8803,59.2775,59.2775,731638
2022-11-18,60.4861,60.4861,57.8155,59.0747,59.0747,1431608
2022-11-21,59.6578,60.0043,59.0493,59.8437,59.8437,756130
2022-11-22,60.3677,61.048,60.3424,60.9593,60.9593,781073
2022-11-23,60.8748,61.0777,60.3086,60.6382,60.6382,545459
2022-11-25,60.8748,61.01,60.4269,60.7227,60.7227,236181
2022-11-28,59.9451,60.2578,58.9901,59.269,59.269,905180
2022-11-29,59.3705,60.1395,59.1845,60.0043,60.0043,667442
2022-11-30,59.7001,60.6973,58.145,60.6297,60.6297,1468894
2022-12-01,61.2044,61.6269,59.7507,60.5198,60.5198,1288466
2022-12-02,59.8353,60.1226,59.0831,59.2606,59.2606,913209
2022-12-05,58.3732,58.5633,55.4321,56.2181,56.2181,2455322
2022-12-06,56.0238,56.5055,55.0181,55.4829,55.4829,1559348
2022-12-07,55.0265,55.7702,54.5097,55.28,55.28,1457285
2022-12-08,55.6856,55.6856,54.7137,55.0856,55.0856,1016167
2022-12-09,54.7645,56.1927,54.7645,55.7279,55.7279,903641
2022-12-12,55.7702,57.3464,55.204,56.9872,56.9872,1149271
2022-12-13,57.8069,58.2041,55.3729,56.0237,56.0237,1528758
2022-12-14,56.0237,56.5446,55.0759,55.5797,55.5797,1376473
2022-12-15,54.7856,55.1528,54.111,54.3928,54.3928,1720733
2022-12-16,53.795,54.6746,53.6499,54.444,54.444,2684204
2022-12-19,54.5294,55.1698,53.7609,54.2391,54.2391,753044
2022-12-20,54.3587,54.8112,54.0769,54.2989,54.2989,1243143
2022-12-21,55.4602,55.9469,55.1955,55.5285,55.5285,932546
2022-12-22,55.0417,56.0536,54.5038,55.981,55.981,2374628
2022-12-23,56.0665,56.4422,55.6224,56.4251,56.4251,645697
2022-12-27,56.6557,56.9887,55.9596,56.6642,56.6642,494788
2022-12-28,56.7751,56.8648,55.6395,56.0408,56.0408,776019
2022-12-29,56.1176,57.3387,55.8786,56.9203,56.9203,594852
2022-12-30,56.5532,57.1808,56.5532,57.0826,57.0826,574021
2023-01-03,57.4241,57.8766,55.6949,56.3994,56.3994,1241158
2023-01-04,56.8435,57.9627,56.502,57.1253,57.1253,1671538
2023-01-05,56.741,56.9033,55.8957,56.408,56.408,929349
2023-01-06,56.835,58.0048,56.297,57.723,57.723,978075
2023-01-09,57.834,57.9749,57.0313,57.0484,57.0484,872283
2023-01-10,57.3387,57.7315,56.63,57.7059,57.7059,1381954
2023-01-11,58.0816,58.5171,57.4241,58.0987,58.0987,943687
2023-01-12,58.5,59.2088,58.167,58.8416,58.8416,1212311
2023-01-13,57.9962,58.5598,56.5446,58.5256,58.5256,1286106
2023-01-17,58.3378,58.4744,57.3899,58.2353,58.2353,1142655
2023-01-18,57.7657,57.8169,55.9554,56.3055,56.3055,1534680
2023-01-19,57.4668,60.8141,57.3558,59.6357,59.6357,2924619
2023-01-20,59.8748,60.2419,58.7049,59.0294,59.0294,2054462
2023-01-23,59.5673,61.4971,59.3624,61.4459,61.4459,1609572
2023-01-24,61.4801,61.5142,60.3188,60.7628,60.7628,1048666
2023-01-25,60.3102,61.3178,59.7723,61.0702,61.0702,1109432
2023-01-26,61.463,61.8558,60.8994,61.5057,61.5057,692963
2023-01-27,61.4801,62.2913,61.2965,61.9668,61.9668,1686882
2023-01-30,61.4801,61.9071,60.9507,60.9678,60.9678,574814
2023-01-31,61.1727,62.6756,60.908,62.5987,62.5987,1398966
2023-02-01,61.9241,64.1527,61.7362,63.4867,63.4867,959736
2023-02-02,64.0162,65.4037,63.6404,63.9393,63.9393,1413990
2023-02-03,63.4868,65.1945,62.8899,64.3748,64.3748,1028707
2023-02-06,63.982,64.4388,63.602,64.2979,64.2979,1011348
2023-02-07,63.8368,65.9374,63.824,65.6983,65.6983,851297
2023-02-08,65.0579,65.9204,64.6225,65.3995,65.3995,1925070
2023-02-09,65.7495,66.0399,64.5626,64.7334,64.7334,1214444
2023-02-10,64.3663,64.7334,63.8881,64.1101,64.1101,1284555
2023-02-13,64.2381,64.9042,63.9137,64.8871,64.8871,2750959
2023-02-14,64.8444,65.0322,63.7941,64.759,64.759,1676946
2023-02-15,63.9649,64.8188,63.6293,64.4516,64.4516,893914
2023-02-16,63.6831,64.1528,63.0683,63.2391,63.2391,822318
2023-02-17,63.0085,63.0085,62.2059,62.2315,62.2315,1180655
2023-02-21,61.7704,61.8558,59.815,60.2932,60.2932,936879
2023-02-22,60.1309,60.3529,58.9184,59.3624,59.3624,1376448
2023-02-23,59.7382,59.9944,58.3891,59.7809,59.7809,1593820
2023-02-24,59.2856,60.4127,58.927,60.1224,60.1224,841447
2023-02-27,60.5665,61.1898,59.4222,59.8065,59.8065,1097061
2023-02-28,60.0029,60.7799,59.8321,59.8577,59.8577,1058632
2023-03-01,59.7724,60.7458,59.3283,60.353,60.353,987619
2023-03-02,59.7894,60.0797,57.6205,58.2695,58.2695,1079985
2023-03-03,58.8587,59.4137,58.372,59.26,59.26,1509622
2023-03-06,59.3283,59.766,58.7135,59.0465,59.0465,1085022
2023-03-07,58.7306,58.7306,56.5532,56.8691,56.8691,2858549
2023-03-08,57.1252,57.7614,56.7837,57.4668,57.4668,1770469
2023-03-09,56.6897,56.7068,52.5398,52.8643,52.8643,3457294
2023-03-10,50.3454,53.4877,48.5906,50.2173,50.2173,6123318
2023-03-13,36.4867,43.5484,24.908,36.3245,36.3245,20250464
2023-03-14,43.4452,43.4452,34.7527,37.7747,37.7747,12844145
2023-03-15,34.579,39.494,34.579,38.9296,38.9296,6513884
2023-03-16,38.0004,43.8533,36.8628,41.3437,41.3437,6414803
2023-03-17,40.2148,40.649,37.1928,37.8528,37.8528,10124369
2023-03-20,38.8515,40.927,37.3405,38.7039,38.7039,5244917
2023-03-21,40.3712,42.3858,39.9457,42.2295,42.2295,4374156
2023-03-22,42.021,42.2555,38.6083,38.6604,38.6604,4720510
2023-03-23,38.9904,39.3786,34.1101,35.3432,35.3432,7838810
2023-03-24,34.7527,35.8816,33.2938,35.0827,35.0827,7289404
2023-03-27,36.8629,39.0078,36.09,36.9758,36.9758,6840447
2023-03-28,36.7761,37.9657,36.4938,37.1321,37.1321,2675780
2023-03-29,37.7747,38.9817,37.4968,38.8254,38.8254,4372173
2023-03-30,39.3769,40.1714,37.8963,38.261,38.261,3531888
2023-03-31,38.7125,39.0231,36.9237,37.7052,37.7052,2812503
2023-04-03,37.8355,38.4173,36.4027,36.6458,36.6458,3556947
2023-04-04,37.1321,37.1581,34.2056,34.7614,34.7614,3630762
2023-04-05,33.728,34.7354,33.1375,34.6659,34.6659,4211686
2023-04-06,33.9972,36.2029,33.9582,35.8469,35.8469,2675968
2023-04-10,35.7861,37.3492,35.4214,36.9584,36.9584,2464345
2023-04-11,37.1582,38.0352,36.915,37.7226,37.7226,2833625
2023-04-12,38.096,38.1568,37.1494,37.436,37.436,2037481
2023-04-13,37.7399,38.8167,37.2102,38.6257,38.6257,2684780
2023-04-14,39.607,39.607,37.2189,37.601,37.601,2545799
2023-04-17,37.4273,39.1207,36.6979,39.1033,39.1033,2526336
2023-04-18,38.947,38.947,37.7746,38.7646,38.7646,2163143
2023-04-19,39.2249,41.2742,38.8341,40.8922,40.8922,3603387
2023-04-20,39.0773,40.6838,37.7747,39.772,39.772,4749767
2023-04-21,39.4507,39.6677,37.8876,37.9744,37.9744,3161762
2023-04-24,37.8181,38.0439,36.6979,37.0279,37.0279,2416422
2023-04-25,36.2811,36.6328,34.3967,35.3519,35.3519,4091444
2023-04-26,35.4821,36.6371,34.77,35.2737,35.2737,3064240
2023-04-27,35.3953,36.8455,35.3953,35.8903,35.8903,3588833
2023-04-28,35.5256,38.0263,35.3432,37.6618,37.6618,3170452
2023-05-01,37.7052,38.5389,36.7326,36.9063,36.9063,4170868
2023-05-02,36.6892,36.75,31.2618,32.3212,32.3212,10406619
2023-05-03,32.4428,33.4067,30.5671,30.8971,30.8971,4933263
2023-05-04,29.5989,30.3674,24.6621,27.1023,27.1023,15533856
2023-05-05,31.3834,32.0347,29.2732,31.6439,31.6439,7228921
2023-05-08,33.4241,34.6746,30.9753,31.3921,31.3921,4786396
2023-05-09,30.9492,32.0086,30.1416,31.5136,31.5136,2785728
2023-05-10,32.3386,32.4255,29.7509,30.4282,30.4282,2863048
2023-05-11,29.5858,30.2545,28.2225,28.3701,28.3701,5386674
2023-05-12,28.6393,28.9693,26.9025,27.7622,27.7622,4515082
2023-05-15,27.9359,30.0809,27.8231,29.7856,29.7856,3323074
2023-05-16,29.9853,30.5671,29.4295,29.4469,29.4469,2994152
2023-05-17,30.4368,33.2417,30.4368,33.0767,33.0767,5322161
2023-05-18,33.1549,34.0841,32.4082,33.6846,33.6846,4018146
2023-05-19,33.9017,34.4748,32.3473,33.2938,33.2938,4135450
2023-05-22,33.6759,34.6312,33.3199,34.4488,34.4488,3443182
2023-05-23,35.4822,37.054,35.0827,35.1522,35.1522,4237423
2023-05-24,34.5183,34.9872,33.8236,34.4488,34.4488,2099523
2023-05-25,34.4358,34.87,33.2418,34.032,34.032,2049255
2023-05-26,33.9972,34.4054,33.2852,33.8583,33.8583,2030378
2023-05-30,33.8496,33.9451,30.8363,32.6425,32.6425,6465536
2023-05-31,32.2258,32.3473,30.2893,31.3487,31.3487,3496072
2023-06-01,31.8523,33.4415,30.7892,33.1549,33.1549,3316915
2023-06-02,34.7353,35.7079,33.9624,35.5429,35.5429,4085477
2023-06-05,36.4374,36.7239,34.8048,35.0306,35.0306,2361613
2023-06-06,34.8656,37.9917,34.8048,37.5315,37.5315,2965345
2023-06-07,37.8094,38.3999,37.0496,38.0699,38.0699,3686324
2023-06-08,37.8529,38.2002,36.9584,37.7313,37.7313,2712241
2023-06-09,37.3492,37.6097,36.0379,36.5416,36.5416,2927837
2023-06-12,36.6284,37.8008,34.4401,35.6298,35.6298,4511908
2023-06-13,35.074,38.1394,34.2056,37.9049,37.9049,5874475
2023-06-14,37.8873,38.8934,36.2189,36.572,36.572,3164674
2023-06-15,35.9718,38.1874,35.8129,37.852,37.852,2759678
2023-06-16,38.1786,38.2404,36.8721,37.4459,37.4459,4338723
2023-06-20,37.0752,37.4018,36.3999,37.3488,37.3488,1425847
2023-06-21,37.0751,37.6754,36.4572,37.1634,37.1634,1988285
2023-06-22,37.234,37.234,35.7952,36.06,36.06,1635466
2023-06-23,35.751,36.2807,35.3097,35.8393,35.8393,2131293
2023-06-26,36.0689,37.1017,36.0689,36.5014,36.5014,1734797
2023-06-27,36.5411,37.4327,35.8747,37.1723,37.1723,2116030
2023-06-28,36.7839,37.2341,36.1792,37.1723,37.1723,1318897
2023-06-29,37.8255,38.4699,37.393,37.8255,37.8255,1757970
2023-06-30,38.3199,38.4346,37.3047,37.393,37.393,1875844
2023-07-03,37.7373,39.185,37.5254,38.8407,38.8407,1858948
2023-07-05,38.2404,39.5822,37.9138,38.3993,38.3993,2351068
2023-07-06,37.4812,37.8608,36.3072,37.7902,37.7902,2790823
2023-07-07,37.6401,39.6528,37.6401,39.079,39.079,3093072
2023-07-10,38.8495,40.2045,38.6288,39.6793,39.6793,2078107
2023-07-11,39.9794,41.2152,39.5557,40.7209,40.7209,2093060
2023-07-12,41.9832,43.1749,41.5948,41.992,41.992,3841383
2023-07-13,42.1862,43.1307,41.8861,42.7335,42.7335,1808730
2023-07-14,43.3161,43.3603,41.3388,41.7272,41.7272,2198219
2023-07-17,41.586,42.5658,41.4006,42.4246,42.4246,1359874
2023-07-18,42.1509,44.2342,42.1509,44.1459,44.1459,2468813
2023-07-19,44.3313,46.0791,44.1018,45.6819,45.6819,3272516
2023-07-20,45.5406,46.9883,45.3464,46.7235,46.7235,4241180
2023-07-21,48.7892,49.2835,44.605,44.7992,44.7992,4695947
2023-07-24,45.4259,46.2115,44.6667,45.7525,45.7525,2721749
2023-07-25,46.3705,46.8736,44.3313,44.349,44.349,3065095
2023-07-26,45.5186,47.7828,45.5186,47.2002,47.2002,2712518
2023-07-27,47.4739,48.0123,45.7703,46.2292,46.2292,1987668
2023-07-28,47.0413,47.6857,46.5382,47.5798,47.5798,1518587
2023-07-31,47.7299,48.2154,46.7677,47.6328,47.6328,2617050
2023-08-01,47.2974,47.3768,45.5142,46.4058,46.4058,1866376
2023-08-02,45.6201,46.0527,45.0287,45.832,45.832,1849247
2023-08-03,45.8585,47.1296,45.32,46.7324,46.7324,1501840
2023-08-04,46.3175,47.7122,46.2822,46.8118,46.8118,1366130
2023-08-07,46.8118,47.3238,46.4499,47.0855,47.0855,813161
2023-08-08,45.6466,46.7942,44.4372,46.7412,46.7412,2070061
2023-08-09,46.1851,46.9531,45.5584,45.6378,45.6378,1251815
2023-08-10,46.088,46.6617,45.4789,45.9732,45.9732,1139276
2023-08-11,45.4877,46.441,45.2405,46.0085,46.0085,1111750
2023-08-14,45.4701,45.5098,44.0489,44.2166,44.2166,1898893
2023-08-15,43.325,43.4751,41.9567,42.2304,42.2304,2710149
2023-08-16,41.9303,42.1333,41.4183,41.5772,41.5772,1380010
2023-08-17,41.7272,42.2656,41.1446,42.0891,42.0891,996015
2023-08-18,41.3918,42.2127,41.3918,41.7272,41.7272,1496695
2023-08-21,42.0009,42.0715,41.1535,41.7802,41.7802,1074209
2023-08-22,41.3299,41.6919,39.9352,40.0588,40.0588,1741126
2023-08-23,40.1206,40.8444,39.3703,40.6679,40.6679,1162129
2023-08-24,40.7386,41.8773,40.6415,40.9681,40.9681,921427
2023-08-25,41.1446,41.5859,40.1294,40.5355,40.5355,841700
2023-08-28,40.8886,41.8508,40.712,41.5065,41.5065,1060706
2023-08-29,41.5065,42.9851,41.1976,42.6188,42.6188,1090307
2023-08-30,42.4158,42.5923,42.1509,42.3628,42.3628,733669
2023-08-31,42.4952,42.6894,42.0639,42.4687,42.4687,1308327
2023-09-01,43.1131,43.475,42.8924,42.9895,42.9895,1858329
2023-09-05,42.8306,43.4485,42.7865,42.8306,42.8306,1301469
2023-09-06,42.3805,42.6806,40.818,41.1005,41.1005,1956519
2023-09-07,40.7121,41.3741,39.8028,40.1736,40.1736,2010839
2023-09-08,40.3413,41.277,39.5292,41.2505,41.2505,1888773
2023-09-11,41.533,42.248,40.6238,40.8886,40.8886,1866066
2023-09-12,40.1471,41.0122,39.2997,40.1383,40.1383,3345899
2023-09-13,40.6856,40.6988,38.6818,39.0172,39.0172,2212605
2023-09-14,39.6631,40.2508,39.062,39.3222,39.3222,1893041
2023-09-15,38.6225,39.089,38.2367,39.089,39.089,5471072
2023-09-18,39.0262,39.0262,38.4162,38.8109,38.8109,1456904
2023-09-19,39.0262,39.1877,38.0931,38.7391,38.7391,1647086
2023-09-20,39.1787,39.5017,37.4292,37.5638,37.5638,1684130
2023-09-21,37.2588,37.9047,36.8192,36.9717,36.9717,2013586
2023-09-22,37.187,37.2678,36.4962,36.9807,36.9807,1388013
2023-09-25,36.8371,37.2319,36.5263,37.187,37.187,1494198
2023-09-26,36.4514,37.1534,35.7157,35.8772,35.8772,2038676
2023-09-27,36.1104,36.1822,35.294,35.8413,35.8413,1717454
2023-09-28,35.7964,37.0434,35.6708,36.6128,36.6128,1381177
2023-09-29,37.0434,38.0034,36.9537,37.2767,37.2767,1621054
2023-10-02,36.7833,37.2318,35.8727,36.1104,36.1104,2125318
2023-10-03,35.7964,35.7964,35.1773,35.5362,35.5362,2026138
2023-10-04,35.6529,35.7606,34.8544,35.5273,35.5273,1821496
2023-10-05,35.1953,36.088,34.9172,36.0476,36.0476,1728377
2023-10-06,35.4196,36.4962,35.0608,35.9669,35.9669,2664540
2023-10-09,35.4376,36.3527,35.2895,36.3437,36.3437,1572564
2023-10-10,36.873,37.5997,36.411,37.1242,37.1242,2348383
2023-10-11,37.2678,37.9496,37.0525,37.7702,37.7702,2050508
2023-10-12,37.8778,38.1201,36.7743,37.4113,37.4113,1577838
2023-10-13,37.9585,38.1176,36.3347,36.5859,36.5859,1568386
2023-10-16,37.205,37.5639,36.7474,37.4562,37.4562,1219191
2023-10-17,37.0704,38.9006,37.0704,38.5866,38.5866,1589523
2023-10-18,38.0304,38.4431,37.2723,37.7074,37.7074,1884242
2023-10-19,37.6266,38.4969,37.1008,37.2229,37.2229,2694024
2023-10-20,36.4424,36.8506,33.9304,34.047,34.047,4799330
2023-10-23,34.0918,34.7019,33.5535,34.3251,34.3251,2828162
2023-10-24,34.5583,35.0081,33.9482,34.657,34.657,2517450
2023-10-25,34.3789,34.6211,33.6253,34.352,34.352,1878179
2023-10-26,34.37,35.8682,34.2982,35.4286,35.4286,1779951
2023-10-27,35.5721,35.5721,33.6792,34.2623,34.2623,1812314
2023-10-30,34.6839,35.0338,34.02,34.7198,34.7198,1285140
2023-10-31,34.7288,35.4016,34.4776,35.3478,35.3478,1517969
2023-11-01,35.5722,35.626,34.7737,35.4017,35.4017,1323392
2023-11-02,35.9938,37.8778,35.8323,37.8419,37.8419,2126294
2023-11-03,39.1966,39.8695,39.0441,39.5465,39.5465,2424045
2023-11-06,39.5017,39.7888,38.2277,38.5507,38.5507,1669497
2023-11-07,38.3354,38.793,37.8868,38.0842,38.0842,1695750
2023-11-08,38.0393,38.1021,37.5154,37.9047,37.9047,1135222
2023-11-09,38.1021,38.1469,36.7653,36.9268,36.9268,1186729
2023-11-10,37.2229,37.3754,36.559,37.0973,37.0973,1114447
2023-11-13,36.9088,36.9537,36.2539,36.7653,36.7653,1178195
2023-11-14,38.5776,40.2066,38.4878,39.6362,39.6362,2381901
2023-11-15,39.6991,41.0986,39.6722,40.4168,40.4168,1685188
2023-11-16,40.2553,40.5244,39.2595,39.7798,39.7798,1005138
2023-11-17,40.354,40.668,39.8426,40.5783,40.5783,998305
2023-11-20,40.3899,40.5245,39.8695,40.1656,40.1656,1105940
2023-11-21,39.8784,39.9368,39.1517,39.2594,39.2594,1137328
2023-11-22,39.6901,39.8336,38.9185,39.1428,39.1428,763548
2023-11-24,39.2235,39.6003,38.9454,39.2594,39.2594,359260
2023-11-27,38.8288,39.0441,38.4879,38.8288,38.8288,1288335
2023-11-28,38.8826,39.1966,38.1738,39.0979,39.0979,1722372
2023-11-29,39.6273,40.8564,39.6273,40.4437,40.4437,2145713
2023-11-30,40.677,41.148,40.1835,40.5693,40.5693,1665708
2023-12-01,40.2194,43.3415,40.04,43.2428,43.2428,2685331
2023-12-04,42.8749,44.7859,42.7762,44.3642,44.3642,2143910
2023-12-05,43.9156,44.1309,42.7583,42.9108,42.9108,1648781
2023-12-06,43.494,44.7859,41.9867,42.7224,42.7224,4143793
2023-12-07,42.8032,44.3373,42.7314,44.1758,44.1758,2631727
2023-12-08,44.131,45.3332,43.9785,44.8308,44.8308,1673593
2023-12-11,44.6872,45.2793,44.5302,44.75,44.75,1130965
2023-12-12,44.1669,44.5347,43.8529,44.4181,44.4181,1542678
2023-12-13,44.4181,47.7106,44.2342,47.594,47.594,2890188
2023-12-14,49.6764,52.1861,49.6764,51.6587,51.6587,4235774
2023-12-15,51.595,52.0587,50.1037,50.3674,50.3674,4031850
2023-12-18,50.7493,50.7493,49.4126,49.7036,49.7036,1476094
2023-12-19,49.7946,50.8403,49.4581,50.6766,50.6766,1314506
2023-12-20,50.0583,50.7585,48.7489,48.958,48.958,1645161
2023-12-21,49.7218,50.4038,49.3035,50.0764,50.0764,1586406
2023-12-22,50.4129,51.1949,49.8491,50.1583,50.1583,929473
2023-12-26,50.2583,51.3495,49.9218,51.1767,51.1767,653221
2023-12-27,50.9948,51.4313,50.6766,51.1858,51.1858,846445
2023-12-28,50.8675,51.4677,50.8675,51.4404,51.4404,986452
2023-12-29,51.1858,51.3495,50.4947,50.7493,50.7493,1332641
